email,subject,message
anleo85@hotmail.com,Hola,1
anleo85@hotmail.com,Hola,1
anleo85@hotmail.com,Hola,1
anleo85@hotmail.com,Hola,1
anleo85@hotmail.com,Hola,1
anleo85@hotmail.com,Hola,1
anleo85@hotmail.com,Hola,1
lksdjflsjf@aklkj.com,lskdjflsdj,ldkfjlksdjflksd
lksdjflsjf@aklkj.com,lskdjflsdj,ldkfjlksdjflksd
lksdjflsjf@aklkj.com,lskdjflsdj,ldkfjlksdjflksd
lksdjflsjf@aklkj.com,lskdjflsdj,ldkfjlksdjflksd
lksdjflsjf@aklkj.com,lskdjflsdj,ldkfjlksdjflksd
lksdjflsjf@aklkj.com,lskdjflsdj,ldkfjlksdjflksd
lksdjflsjf@aklkj.com,lskdjflsdj,ldkfjlksdjflksd
anleo85@hotmail.com,FLEETPOOL,la madre que te pario
anleo85@hotmail.com,Hola,vbnvbnvbnvb
anleo85@hotmail.com,dfgdfg,hjghjghhjjgh
